<step title="Incoming Request" date="2025-11-16T22:36:59.928" instance="2be41f" url="/api/publish?type=zip" method="POST" type="request" pid="7096,2,7" Cache-Control="no-cache" Connection="Keep-Alive" Content-Length="36458881" Content-Type="application/octet-stream" Accept="*/*" Accept-Encoding="gzip, deflate" Authorization="Bea..." Host="api-lagata.scm.azurewebsites.net" User-Agent="AZURECLI/2.77.0 (MSI)" x-ms-client-request-id="b46d9b0a-c33c-11f0-b32d-f8ac65bf69da" X-ARR-LOG-ID="b46d9b0a-c33c-11f0-b32d-f8ac65bf69da" CLIENT-IP="186.77.207.214:58120" X-SITE-DEPLOYMENT-ID="api-lagata" WAS-DEFAULT-HOSTNAME="api-lagata.scm.azurewebsites.net" X-Forwarded-Proto="https" X-AppService-Proto="https" X-Forwarded-TlsVersion="1.3" X-WAWS-Unencoded-URL="/api/publish?type=zip" X-MS-COLDSTART="1" >
  <step title="OneDeploy" date="2025-11-16T22:37:03.010" >
    <step title="Starting PushDeployAsync" date="2025-11-16T22:37:03.100" /><!-- duration: 0ms -->
    <step title="Updating shutdown sentinel last write time" date="2025-11-16T22:37:03.365" SemaphoreCount="7" /><!-- duration: 0ms -->
    <step title="LockFile &apos;C:\home\site\locks\deployments.lock&apos; acquired" date="2025-11-16T22:37:03.381" /><!-- duration: 0ms -->
    <step title="Saving request content to C:\local\Temp\zipdeploy\bbk54ysw.zip" date="2025-11-16T22:37:03.397" >
      <step title="Writing 25,554,944 bytes to C:\local\Temp\zipdeploy\bbk54ysw.zip" date="2025-11-16T22:37:33.536" /><!-- duration: 0ms -->
      <step title="Total 36,458,881 bytes written to C:\local\Temp\zipdeploy\bbk54ysw.zip" date="2025-11-16T22:37:57.469" /><!-- duration: 13ms -->
    </step><!-- duration: 54086ms -->
    <step title="LockFile &apos;C:\home\site\locks\deployments.lock&apos; released" date="2025-11-16T22:37:57.499" /><!-- duration: 0ms -->
    <step title="Deleting shutdown sentinel file" date="2025-11-16T22:37:57.514" SemaphoreCount="8" /><!-- duration: 0ms -->
    <step title="Starting FetchDeploy" date="2025-11-16T22:37:57.530" /><!-- duration: 0ms -->
    <step title="Attempting to fetch target branch HEAD" date="2025-11-16T22:37:57.545" /><!-- duration: 0ms -->
    <step title="Updating shutdown sentinel last write time" date="2025-11-16T22:37:57.701" SemaphoreCount="7" /><!-- duration: 0ms -->
    <step title="LockFile &apos;C:\home\site\locks\deployments.lock&apos; acquired" date="2025-11-16T22:37:57.701" /><!-- duration: 16ms -->
    <step title="Performing fetch based deployment" date="2025-11-16T22:37:57.733" >
      <step title="Creating temporary deployment" date="2025-11-16T22:37:57.733" /><!-- duration: 188ms -->
      <step title="Fetching changes." date="2025-11-16T22:37:58.032" /><!-- duration: 0ms -->
      <step title="Starting LocalZipHandler" date="2025-11-16T22:37:58.045" /><!-- duration: 0ms -->
      <step title="Starting LocalZipFetch" date="2025-11-16T22:37:58.062" /><!-- duration: 0ms -->
      <step title="Cleaning up temp folders from previous zip deployments and extracting pushed zip file C:\local\Temp\zipdeploy\bbk54ysw.zip (34.77 MB) to C:\local\Temp\zipdeploy\extracted" date="2025-11-16T22:37:58.062" /><!-- duration: 0ms -->
      <step title="Cleaning up temp folders from previous zip deployments and extracting pushed zip file C:\local\Temp\zipdeploy\bbk54ysw.zip (34.77 MB) to C:\local\Temp\zipdeploy\extracted" date="2025-11-16T22:37:58.076" >
        <step title="Extracting 759 entries to C:\local\Temp\zipdeploy\extracted directory" date="2025-11-16T22:37:58.155" >
          <step title="Extracting to C:\local\Temp\zipdeploy\extracted\.azure\appservice.yml ..." date="2025-11-16T22:37:58.172" /><!-- duration: 30ms -->
          <step title="Extracting to C:\local\Temp\zipdeploy\extracted\.github\workflows\azure-deploy.yml ..." date="2025-11-16T22:37:58.203" /><!-- duration: 14ms -->
          <step title="Extracting to C:\local\Temp\zipdeploy\extracted\scripts\configurar-todo-con-recursos-existentes.ps1 ..." date="2025-11-16T22:37:58.217" /><!-- duration: 16ms -->
          <step title="Extracting to C:\local\Temp\zipdeploy\extracted\scripts\crear-recursos-simple.ps1 ..." date="2025-11-16T22:37:58.233" /><!-- duration: 0ms -->
          <step title="Extracting to C:\local\Temp\zipdeploy\extracted\scripts\deploy-manual.ps1 ..." date="2025-11-16T22:37:58.233" /><!-- duration: 16ms -->
          <step title="Omitting extracting file traces ..." date="2025-11-16T22:37:58.248" /><!-- duration: 0ms -->
        </step><!-- duration: 7438ms -->
      </step><!-- duration: 7516ms -->
      <step title="None repository commit" date="2025-11-16T22:38:05.593" >
        <step title="Commit id: e184dead568548a990a0b2b8f84737e8" date="2025-11-16T22:38:05.593" Message="OneDeploy" AuthorName="N/A" AuthorEmail="N/A" /><!-- duration: 15ms -->
      </step><!-- duration: 15ms -->
      <step title="Before sending BuildRequestReceived status to /api/updatedeploystatus" date="2025-11-16T22:38:05.608" /><!-- duration: 0ms -->
      <step title="DeploymentManager.Deploy(id:e184dead568548a990a0b2b8f84737e8)" date="2025-11-16T22:38:05.623" >
        <step title="Collecting changeset information" date="2025-11-16T22:38:05.639" /><!-- duration: 31ms -->
        <step title="Updating submodules" date="2025-11-16T22:38:05.686" >
          <step title="Updating submodules." date="2025-11-16T22:38:05.733" /><!-- duration: 0ms -->
        </step><!-- duration: 48ms -->
        <step title="Preparing deployment for commit id &apos;e184dead56&apos;." date="2025-11-16T22:38:05.795" /><!-- duration: 0ms -->
        <step title="Determining deployment builder" date="2025-11-16T22:38:05.858" >
          <step title="Builder is OneDeployBuilder" date="2025-11-16T22:38:05.858" /><!-- duration: 16ms -->
        </step><!-- duration: 16ms -->
        <step title="Copying SSH keys" date="2025-11-16T22:38:05.892" /><!-- duration: 12ms -->
        <step title="Building" date="2025-11-16T22:38:05.905" >
          <step title="Running build. Project type: OneDeploy" date="2025-11-16T22:38:05.936" /><!-- duration: 17ms -->
          <step title="Copying the manifest" date="2025-11-16T22:38:05.983" /><!-- duration: 0ms -->
          <step title="Clean deploying to C:\home\site\wwwroot" date="2025-11-16T22:38:06.014" /><!-- duration: 16ms -->
          <step title="Generating deployment script." date="2025-11-16T22:38:06.076" /><!-- duration: 0ms -->
          <step title="Generating deployment script" date="2025-11-16T22:38:06.076" >
            <step title="Using the following command to generate deployment script: &apos;azure site deploymentscript -y --no-dot-deployment -r &quot;C:\local\Temp\zipdeploy\extracted&quot; -o &quot;C:\home\site\deployments\tools&quot; --basic --sitePath &quot;C:\local\Temp\zipdeploy\extracted&quot;&apos;." date="2025-11-16T22:38:06.248" /><!-- duration: 0ms -->
            <step title="Executing external process" date="2025-11-16T22:38:06.283" type="process" path="starter.cmd" arguments="&quot;C:\Program Files (x86)\SiteExtensions\Kudu\2025.09.1.1\bin\node_modules\.bin\kuduscript.cmd&quot; -y --no-dot-deployment -r &quot;C:\local\Temp\zipdeploy\extracted&quot; -o &quot;C:\home\site\deployments\tools&quot; --basic --sitePath &quot;C:\local\Temp\zipdeploy\extracted&quot;" >
              <step title="Generating deployment script for Web Site" date="2025-11-16T22:38:07.092" /><!-- duration: 0ms -->
            </step><!-- duration: 872ms -->
            <step title="Saved cached version of the deployment script for command -y --no-dot-deployment -r &quot;C:\local\Temp\zipdeploy\extracted&quot; -o &quot;C:\home\site\deployments\tools&quot; --basic --sitePath &quot;C:\local\Temp\zipdeploy\extracted&quot;" date="2025-11-16T22:38:07.171" /><!-- duration: 0ms -->
          </step><!-- duration: 1115ms -->
          <step title="Running deployment command..." date="2025-11-16T22:38:07.252" /><!-- duration: 0ms -->
          <step title="Command: &quot;C:\home\site\deployments\tools\deploy.cmd&quot;" date="2025-11-16T22:38:07.252" /><!-- duration: 12ms -->
          <step title="Executing external process" date="2025-11-16T22:38:07.264" type="process" path="starter.cmd" arguments="&quot;C:\home\site\deployments\tools\deploy.cmd&quot;" >
            <step title="Handling Basic Web Site deployment." date="2025-11-16T22:38:21.437" /><!-- duration: 20ms -->
            <step title="Creating app_offline.htm" date="2025-11-16T22:38:22.510" /><!-- duration: 16ms -->
            <step title="KuduSync.NET from: &apos;C:\local\Temp\zipdeploy\extracted&apos; to: &apos;C:\home\site\wwwroot&apos;" date="2025-11-16T22:38:22.542" /><!-- duration: 0ms -->
            <step title="Deleting file: &apos;hostingstart.html&apos;" date="2025-11-16T22:38:22.572" /><!-- duration: 0ms -->
            <step title="Copying file: &apos;.dockerignore&apos;" date="2025-11-16T22:38:22.592" /><!-- duration: 11ms -->
            <step title="Copying file: &apos;.gitignore&apos;" date="2025-11-16T22:38:22.623" /><!-- duration: 0ms -->
            <step title="Copying file: &apos;azure-pipelines.yml&apos;" date="2025-11-16T22:38:22.653" /><!-- duration: 0ms -->
            <step title="Copying file: &apos;docker-compose.yml&apos;" date="2025-11-16T22:38:22.683" /><!-- duration: 0ms -->
            <step title="Copying file: &apos;Dockerfile&apos;" date="2025-11-16T22:38:22.713" /><!-- duration: 0ms -->
            <step title="Copying file: &apos;LicoreriaAPI.sln&apos;" date="2025-11-16T22:38:22.744" /><!-- duration: 0ms -->
            <step title="Copying file: &apos;README.md&apos;" date="2025-11-16T22:38:22.763" /><!-- duration: 12ms -->
            <step title="Copying file: &apos;SCRIPTS_MONGODB_COLECCIONES.md&apos;" date="2025-11-16T22:38:22.794" /><!-- duration: 0ms -->
            <step title="Copying file: &apos;.azure\appservice.yml&apos;" date="2025-11-16T22:38:22.806" /><!-- duration: 0ms -->
            <step title="Copying file: &apos;.github\workflows\azure-deploy.yml&apos;" date="2025-11-16T22:38:22.824" /><!-- duration: 0ms -->
            <step title="Copying file: &apos;scripts\configurar-todo-con-recursos-existentes.ps1&apos;" date="2025-11-16T22:38:22.838" /><!-- duration: 16ms -->
            <step title="Copying file: &apos;scripts\crear-recursos-simple.ps1&apos;" date="2025-11-16T22:38:22.874" /><!-- duration: 0ms -->
            <step title="Copying file: &apos;scripts\deploy-manual.ps1&apos;" date="2025-11-16T22:38:22.885" /><!-- duration: 0ms -->
            <step title="Copying file: &apos;scripts\database\CreateDataWarehouse.sql&apos;" date="2025-11-16T22:38:22.885" /><!-- duration: 20ms -->
            <step title="Copying file: &apos;scripts\database\CreateStoredProcedures.sql&apos;" date="2025-11-16T22:38:22.916" /><!-- duration: 0ms -->
            <step title="Copying file: &apos;scripts\database\CreateStoredProcedures_DataWarehouse.sql&apos;" date="2025-11-16T22:38:22.916" /><!-- duration: 18ms -->
            <step title="Copying file: &apos;scripts\database\CreateStoredProcedures_Transacciones.sql&apos;" date="2025-11-16T22:38:22.947" /><!-- duration: 0ms -->
            <step title="Copying file: &apos;scripts\database\CreateTables.sql&apos;" date="2025-11-16T22:38:22.964" /><!-- duration: 0ms -->
            <step title="Copying file: &apos;scripts\database\InsertarDatosFaltantes.sql&apos;" date="2025-11-16T22:38:22.984" /><!-- duration: 10ms -->
            <step title="Copying file: &apos;scripts\database\InsertTestData.sql&apos;" date="2025-11-16T22:38:22.994" /><!-- duration: 0ms -->
            <step title="Copying file: &apos;scripts\database\UpdatePasswordHashes.sql&apos;" date="2025-11-16T22:38:23.010" /><!-- duration: 16ms -->
            <step title="Copying file: &apos;src\LicoreriaAPI\appsettings.Development.json&apos;" date="2025-11-16T22:38:23.025" /><!-- duration: 0ms -->
            <step title="Copying file: &apos;src\LicoreriaAPI\appsettings.json&apos;" date="2025-11-16T22:38:23.056" /><!-- duration: 0ms -->
            <step title="Copying file: &apos;src\LicoreriaAPI\appsettings.Production.json&apos;" date="2025-11-16T22:38:23.056" /><!-- duration: 16ms -->
            <step title="Copying file: &apos;src\LicoreriaAPI\LicoreriaAPI.csproj&apos;" date="2025-11-16T22:38:23.088" /><!-- duration: 0ms -->
            <step title="Copying file: &apos;src\LicoreriaAPI\Program.cs&apos;" date="2025-11-16T22:38:23.136" /><!-- duration: 20ms -->
            <step title="Copying file: &apos;src\LicoreriaAPI\bin\Debug\net8.0\appsettings.Development.json&apos;" date="2025-11-16T22:38:23.187" /><!-- duration: 10ms -->
            <step title="Copying file: &apos;src\LicoreriaAPI\bin\Debug\net8.0\appsettings.json&apos;" date="2025-11-16T22:38:23.217" /><!-- duration: 11ms -->
            <step title="Copying file: &apos;src\LicoreriaAPI\bin\Debug\net8.0\appsettings.Production.json&apos;" date="2025-11-16T22:38:23.275" /><!-- duration: 17ms -->
            <step title="Copying file: &apos;src\LicoreriaAPI\bin\Debug\net8.0\Azure.Core.dll&apos;" date="2025-11-16T22:38:23.293" /><!-- duration: 14ms -->
            <step title="Copying file: &apos;src\LicoreriaAPI\bin\Debug\net8.0\Azure.Identity.dll&apos;" date="2025-11-16T22:38:23.323" /><!-- duration: 0ms -->
            <step title="Copying file: &apos;src\LicoreriaAPI\bin\Debug\net8.0\BCrypt.Net-Next.dll&apos;" date="2025-11-16T22:38:23.343" /><!-- duration: 42ms -->
            <step title="Copying file: &apos;src\LicoreriaAPI\bin\Debug\net8.0\DnsClient.dll&apos;" date="2025-11-16T22:38:23.400" /><!-- duration: 16ms -->
            <step title="Copying file: &apos;src\LicoreriaAPI\bin\Debug\net8.0\Humanizer.dll&apos;" date="2025-11-16T22:38:23.416" /><!-- duration: 15ms -->
            <step title="Copying file: &apos;src\LicoreriaAPI\bin\Debug\net8.0\LicoreriaAPI.Application.dll&apos;" date="2025-11-16T22:38:23.431" /><!-- duration: 16ms -->
            <step title="Copying file: &apos;src\LicoreriaAPI\bin\Debug\net8.0\LicoreriaAPI.Application.pdb&apos;" date="2025-11-16T22:38:23.447" /><!-- duration: 19ms -->
            <step title="Copying file: &apos;src\LicoreriaAPI\bin\Debug\net8.0\LicoreriaAPI.deps.json&apos;" date="2025-11-16T22:38:23.496" /><!-- duration: 44ms -->
            <step title="Copying file: &apos;src\LicoreriaAPI\bin\Debug\net8.0\LicoreriaAPI.dll&apos;" date="2025-11-16T22:38:23.575" /><!-- duration: 0ms -->
            <step title="Copying file: &apos;src\LicoreriaAPI\bin\Debug\net8.0\LicoreriaAPI.Domain.dll&apos;" date="2025-11-16T22:38:23.588" /><!-- duration: 0ms -->
            <step title="Copying file: &apos;src\LicoreriaAPI\bin\Debug\net8.0\LicoreriaAPI.Domain.pdb&apos;" date="2025-11-16T22:38:23.605" /><!-- duration: 0ms -->
            <step title="Copying file: &apos;src\LicoreriaAPI\bin\Debug\net8.0\LicoreriaAPI.DTOs.dll&apos;" date="2025-11-16T22:38:23.619" /><!-- duration: 0ms -->
            <step title="Copying file: &apos;src\LicoreriaAPI\bin\Debug\net8.0\LicoreriaAPI.DTOs.pdb&apos;" date="2025-11-16T22:38:23.635" /><!-- duration: 0ms -->
            <step title="Copying file: &apos;src\LicoreriaAPI\bin\Debug\net8.0\LicoreriaAPI.exe&apos;" date="2025-11-16T22:38:23.650" /><!-- duration: 16ms -->
            <step title="Copying file: &apos;src\LicoreriaAPI\bin\Debug\net8.0\LicoreriaAPI.Infrastructure.dll&apos;" date="2025-11-16T22:38:23.760" /><!-- duration: 0ms -->
            <step title="Copying file: &apos;src\LicoreriaAPI\bin\Debug\net8.0\LicoreriaAPI.Infrastructure.pdb&apos;" date="2025-11-16T22:38:23.776" /><!-- duration: 14ms -->
            <step title="Copying file: &apos;src\LicoreriaAPI\bin\Debug\net8.0\LicoreriaAPI.pdb&apos;" date="2025-11-16T22:38:23.791" /><!-- duration: 0ms -->
            <step title="Copying file: &apos;src\LicoreriaAPI\bin\Debug\net8.0\LicoreriaAPI.runtimeconfig.json&apos;" date="2025-11-16T22:38:23.806" /><!-- duration: 0ms -->
            <step title="Omitting next output lines..." date="2025-11-16T22:38:23.806" /><!-- duration: 16ms -->
            <step title="Finished successfully." date="2025-11-16T22:38:32.343" /><!-- duration: 12ms -->
          </step><!-- duration: 25122ms -->
          <step title="Build completed succesfully." date="2025-11-16T22:38:32.433" /><!-- duration: 0ms -->
          <step title="Running post deployment command(s)..." date="2025-11-16T22:38:32.465" /><!-- duration: 0ms -->
          <step title="Requesting site restart" date="2025-11-16T22:38:32.547" /><!-- duration: 0ms -->
          <step title="Requesting site restart" date="2025-11-16T22:38:32.558" /><!-- duration: 0ms -->
          <step title="Requesting site restart. Attempt #1" date="2025-11-16T22:38:32.607" /><!-- duration: 0ms -->
          <step title="Requesting site restart. Attempt #1" date="2025-11-16T22:38:32.607" /><!-- duration: 14ms -->
          <step title="Successfully requested a restart. Attempt #1" date="2025-11-16T22:38:34.371" /><!-- duration: 0ms -->
          <step title="Successfully requested a restart. Attempt #1" date="2025-11-16T22:38:34.386" /><!-- duration: 0ms -->
          <step title="Deployment successful. DEPLOYMENTINFO: deploymentPath = OneDeploy, deployer = OneDeploy, os = windows, sku = Basic, siteName = api-lagata, siteHostName = api-lagata.azurewebsites.net, deploymentStatus = Success" date="2025-11-16T22:38:34.433" /><!-- duration: 0ms -->
        </step><!-- duration: 28719ms -->
      </step><!-- duration: 29013ms -->
      <step title="Cleaning up temp files" date="2025-11-16T22:38:34.636" /><!-- duration: 17ms -->
      <step title="Skip function trigger and logicapp sync because function is not enabled." date="2025-11-16T22:38:34.683" /><!-- duration: 0ms -->
    </step><!-- duration: 36982ms -->
    <step title="LockFile &apos;C:\home\site\locks\deployments.lock&apos; released" date="2025-11-16T22:38:34.715" /><!-- duration: 0ms -->
    <step title="Deleting shutdown sentinel file" date="2025-11-16T22:38:34.730" SemaphoreCount="8" /><!-- duration: 0ms -->
  </step><!-- duration: 91720ms -->
  <step title="Outgoing response" date="2025-11-16T22:38:34.886" type="response" statusCode="200" statusText="OK" Server="Microsoft-IIS/10.0" x-ms-request-id="b46d9b0a-c33c-11f0-b32d-f8ac65bf69da" Cache-Control="private" X-AspNet-Version="4.0.30319" /><!-- duration: 19ms -->
</step><!-- duration: 94977ms -->
