﻿<?xml version="1.0" encoding="utf-8"?>
<deployment>
  <id>e184dead568548a990a0b2b8f84737e8</id>
  <author>N/A</author>
  <deployer>OneDeploy</deployer>
  <authorEmail>N/A</authorEmail>
  <message>OneDeploy</message>
  <progress></progress>
  <status>Success</status>
  <statusText></statusText>
  <lastSuccessEndTime>2025-11-16T22:38:34.4494558Z</lastSuccessEndTime>
  <receivedTime>2025-11-16T22:38:05.6550662Z</receivedTime>
  <startTime>2025-11-16T22:38:05.8113178Z</startTime>
  <endTime>2025-11-16T22:38:34.4494558Z</endTime>
  <complete>True</complete>
  <is_temp>False</is_temp>
  <is_readonly>True</is_readonly>
  <project_type>OneDeploy</project_type>
  <vsproject_id></vsproject_id>
</deployment>