{"TimeStamp":"2025-11-16T22:38:34Z","SiteName":"api-lagata","RequestId":"b46d9b0a-c33c-11f0-b32d-f8ac65bf69da","Kind":"OneDeploy","Status":"Success","Details":"{\"Id\":\"e184dead568548a990a0b2b8f84737e8\",\"Status\":4,\"StatusText\":\"\",\"AuthorEmail\":\"N/A\",\"Author\":\"N/A\",\"Message\":\"OneDeploy\",\"Progress\":\"\",\"Deployer\":\"OneDeploy\",\"ReceivedTime\":\"2025-11-16T22:38:05.6550662Z\",\"StartTime\":\"2025-11-16T22:38:05.8113178Z\",\"EndTime\":\"2025-11-16T22:38:34.4494558Z\",\"LastSuccessEndTime\":\"2025-11-16T22:38:34.4494558Z\",\"Complete\":true,\"IsTemporary\":false,\"IsReadOnly\":true,\"SiteName\":\"api-lagata\",\"HostName\":\"api-lagata.scm.azurewebsites.net\",\"ProjectType\":\"OneDeploy\",\"VsProjectId\":null}"}